a,c,123456,Noel,David,123456
a,c,123456,Noel,David,123456
a,c,123456,Noel,David,123456
a,c,e,123456,Noel,David,123456
a,c,e,123456,Noel,David,123456
a,b,c,123456,Noel,David,123456
a,b,c,123456,Noel,David,123456
a,b,c,123456,Noel,David,123456
Array,123456,Noel,David,123456
a,b,c,123456,Noel,David,123456
a,b,c,d,123456,Noel,David,123456
a,b,c,d,123456,Noel,David,123456
a,b,c,d,123456,Noel,David,123456
a,b,c,d,123456,Noel,David,123456
Red,b,c,d,123456,Noel,David,123456
Red,b,c,d,e,123456,Noel,David,123456
Red,123456,Noel,David,123456
Red,123456,Noel,David,123456
Red,c,